,content
sadness,"""내 표정을 알아?"" 살면서 한번쯤은 ""너 표정이 왜그래?"" 라는 말을 듣고 ""내 표정이 왜?"" 라는 생각을 해봣을 거다 사랑하는 연인의 표정 사랑하는 부모님의 표정 스쳐 지나가는 행인의 표정 테레비에 나오는 연예인의 표정 다양한 이유로 뉴스에 나오는 표정 그 외에 보아온 수많은 표정 하지만, 난 무슨 표정을 어떻게 짖고 있지? 사람 감정을 읽기 위해 우리는 표정을 보는데 당신의 표정은 본적이 잇나? 내가 보는 내 표정 중 가장 많은 표정은 무표정이 아닐까? 나한테 내가 감정을 표현 할 이유가 없엇다. 하지만 문득 내가 사랑하는 나에게 웃는 표정, 슬픈 표정, 화난 표정 을 편하게 보여주면 난 내게 위로를 받게 되는거 같다. ""당신은 당신을 어떻게 위로하는가?"""
sadness,"<슬픔의 위안> 에서 또 공유. ""무슨 말씀을 드려야 할지 모르겠지만 제가 안아드려야 할 것 같군요."" ""알아요, 당신이 무슨 말을 해야 할지 모른다는 걸. 그러니 그냥 날 안아줘요. 아니면 앉아서 커피를 한잔 하거나 함께 걸어요."" 누군가가 ""분노 단계는 거쳤나요? 아니면 부인 단계? 아니면 타협 단계? 아니면 우울 단계? 아니면 수용 단계인가요?"" 하고 묻는다면, 슬픔에 빠진 이들은 아마 ""오늘 아침에 그거 다 겪었어요""라고 대답할 것이다. 슬픔은 늘 책에 나오는 것보다 복잡하다. 수많은 심리학 자료들을 읽되, 그것들을 자신만의 슬픔으로 조리해야 된다는 것을 알고 있어야 한다."
sadness,낡은 책 미로처럼 얽히고 설킨 골목과 가는 곳만 찾는 단골 손님들 형형색색 네온 사인 밝은 거리와 짙은 밤으로 무채색 칠 된 길 고양이들 엇박자 마구 타는 턴 테이블의 컨츄리와 2/2 박자밖에 없는 걸음 소리 복잡하고 다채로운 것을 말하고 서울역을 가는 열차는 늘 만원이다 저마다의 지평을 넓힌 책이 쌓이고 수많은 오류는 오롯이 고목들을 죽인다 헤드라인들은 거듭 날카로워지고 그에 질린 시선들은 무뎌진다 도무지 마음에 비가 그치지 않아 낡은 책을 꺼내고 눈을 감는다 내 영혼의 그윽히 깊은 데서 맑은 가락이 울려 난다 하늘 곡조가 언제나 흘러 나와 내 영혼을 고이 감싼다 .
sadness,"내가 다 해결되었다고 생각하는 일에 여전히 매달려 고뇌하는 사람들이 있으면, 그 사람들을 우습게 볼 것이 아니라, 자신이 빠뜨린 것이 없는지 되돌아보는 게 이롭다. 독창적인 생각은 대개 그럴 때 얻어진다. 일종의 과제 집착력이랄까. 아이들한테만 강요할 게 아니라 어른들도 가져야 할 태도가 아닌가 싶다. 수학 문제 하나 제대로 알고 푸는데도 수고가 만만치 않은데 삶의 문제를 너무 쉽게 해결해버리려는 건 아닌지 반성하게 된다. 게다가 삶의 문제는 대부분 답을 내는 데서 끝나는 게 아니고 그 답을 살아내는 게 필요하니 간단히 마무리될 수 없다. 삶을 사랑한다는 건 결국 문제를 사랑하는 것이라는 말을 다시 이해한다."
sadness,"선택이었던 미로가 뒤틀린다는 말, 우리의 세계가 변했다는 것으로 간주해도 될까 앞에서 사탕을 흔드는 아이의 사탕을 덥썩 물자 태양의 파장으로 스펙트럼이 터져 아이는 눈물을 흘렸고 나 또한 터졌어. 아이의 물방울 하나를 터쳤을 뿐인데 나는 핏방울을 터쳐야 했어 아이의 죄는 화성에, 나의 죄는 태양에 산고, 이 세계의 계산 방식이 이상해 그러니 네가 이 미로를 비튼거지, 해독할 수 없는 것들 속 내가 알고 있는 너의 미로로. 우리가 소싯적 행하지 못 한 유예된 것들을 완성 짓기 위해 시월, 부모의 미로에서 숨이 끊겼던 나를 위해"
sadness,짙은 새벽 누군가 두드려 작은 빗방울 하나 둘 뚝뚝투둑 무슨 일이 있는건지 어떤이의 슬픔인지 왜인지 마음이 아려오는 소리만 귓가에 내려앉는다 어떤이의 눈물은 아닐런지 지금 어딘가에서 울고 있을 어떤이의 울음소리인지 슬픈 마음을 잠시 기댈 곳이 필요한지 우리집 창문 앞에 서성여 저 눈물엔 어떤 이유가 맺혔을까 알수없는 난 들려오는 아린 소리에 아프지 않기를 좋은 날이 오기를 모두의 안녕을 진심으로 빌어본다 여전히 쏟아지는 빗방울은 슬픈이들의 외침 같아서 하늘이 대신 우나봐 어제도 그제도 흐린날씨에 비까지 멈출 생각을 안해 서툰 손짓이지만 나라도 걷어내보는 먹구름 티 없이 좋은 날을 선물해주고 싶었어
sadness,"고레에다: 웃음 가득한 이야기 속에, 일순 아주 본격적인 순간이 툭 들어와요. 구제 씨의 드라마는 그 점이 멋져요. 키키: 그런 센스가 빛날 때가 있었지. 고레에다: 그 부부 컷 말인데요, 0.5초인가 1초쯤 화면이 그대로 있어요. 배우도 딸의 목소리를 '듣고 있는' 연기를 확실하게 하고요. 키키: 역시 사람의 마음을 꽉 움켜쥐고 있었던 거야. 빛났던 시기에는. 내가 보지도 못한 오래전 티비 드라마의 한 장면을 설명하는데 어쩐지 그게 무슨 말인지 이해가 되었다. 삶의 아주 작은 부분까지도 섬세하게 관찰하고 기억하는 사람들이 하는 '사람의 마음을 꽉 움켜쥐고 있었다'는 말 같은 것들."
sadness,오늘은 아침내내 내 눈앞에서 서성이고 있다. 사랑해 레이 침대에 누워 눈은 레이를 쫓고 귀는 작게 틀어놓은 티브이 뉴스소리를 듣는다. 너무 소리가 크다. 인터넷 뉴스를 읽어본다. 평생을 안봐도 좋으니 살아만 있어달라고 청년의 아버지는 말했다 한다. 눈물이 흐른다. 몸과 마음이 깊은 땅속으로 꺼진다. 가슴에 안고 있는 넘치도록 풍성하고 싱그러운 어제의 봄은 사라졌다. '냐옹냐옹' 계속 내 눈앞에 있다. 닿을 수 없는 먼 곳으로 떠났지만 가슴에 손을 모으면 만질 수 있는. 바람이 불때면 보이는. 비가 오면 볼 수 있는. 눈이 오면 볼 수 있는. 매일 볼 수 있지만 손을 잡을 수는 안아볼 수는 없는.
sadness,"무심코 지나칠 뻔한 예쁜 편지지의 당신 이름. 요동치는 마음을 다잡으며 다시 한번 읽어본 당신의 편지는 여전히 포근했다. 나를 만날 때에 당신은 비로소 자신의 모습을 되찾을 수 있다고, 나를 만난 건 크나큰 행운이라고 했다. 그 한 마디는, 내가 당신 곁에 계속 있어도 될, 아니 있어야만 할 명분이 되었다. 나의 생일, 우리는 그것을 기점으로 더욱 가까워져 갔다. 그때가 내 생일이라는 게 감사할 정도로. 당신이 그때 주었던 선물은, 여전히 나의 집에 고이 모셔져 있다. 당신의 편지는 아마 오랫동안 버리지 못할 것만 같다는 생각. 누군가에게 중요한 사람이 되는 일, 그것만으로도 충분히 특별하다."
sadness,"아닌 척 애써 감추는 눈물, 애써 감추는 감정, 애써 억누르는 슬픔 애써 아닌 척 밝게 웃어본다, 내 감정을 감춰본다. 하지만 숨길 수 없는 내 감정, 표정, 슬픔 입은 웃고 있지만 눈에는 눈물이 흐른다. 말은 '괜찮다, 별일없다.' 라는 뻔한 ""거짓말"" 넌 잘 알고 있잖아, 별일 있고 힘들어 하고 무너져 내려가는데 견딜 수 없는데 그렇게 웃으면서 아무렇지 않게 얘기한다. 힘들어 하면서 마음이 아프면서. 그렇게 나는 가면 속에서 살아간다. . . 힘들면 힘들다고 표현해도 돼, 울고 싶으면 울어도 돼. 굳이 네가 힘들게 혼자 끙끙거리지 말고. 다른 사람한테 표현을 해봐. 겁 먹지 말고 천천히."
sadness,"우리 리한이,서한이가 너무 어려서 일을 어떻게 해야 하나 고민에 고민을 하다가 예전 만큼은 일을 못해도 다시 출근 하기로 결정한뒤 맨처음으로 받은 기다렸다는 카톡 한문장이 나에겐 너무 감동이여서 눈물이 주체할수 없이 났다 다시 일하게 되도 날 찾는 사람이 없으면 어떻하나,예전 만큼 실력이 안되면 어떻하나,출산하고 외모로든 마음적으로 너무 많이 망가진것만 같은 느낌이었는데... 너무 기다렸다는 말한마디에 안도와 위로를 받았던거 같다 6개월나 쉬었지만 그래도 기다려주시고 찾아주셔서 너무 감사하다 그래서 더 힘내볼려고 한다 엄마로써 나든, 일하는 나든! 이제 약한마음 훌훌 털고 다시 시작 해보자!!"
sadness,"글을 쓰는 행위는 바로 앨리스가 거울을 통과하는 순간에 벌어집니다. 바로 그 순간, 똑 닮은 두 존재를 가로막던 유리 장벽이 녹아내리고 앨리스는 이곳도 저곳도, 예술도 삶도, 이쪽도 저쪽도 아닌 곳에 존재하게 됩니다. 동시에 그 모든 곳에 존재하게도 되지요. 그 순간 시간이 멈추면서 또한 확장되고, 작가와 독자 모두 이 세상의 것이 아닌 시간을 경험하게 되는 겁니다. 나는 현실적이고 실용적인 것들에 마음이 움직이는 (속물적인)사람이지만 동시에 보이지 않는 것들을 (아예)없다고 믿는 것 또한 비현실적이라는데 동의한다. 가령 사람 사이의 어떤 공명의 순간들처럼."
sadness,"바위에 부딪쳐 산산조각나는 파도와 같이 내 마음도, 알량한 내 감정도 부서져 없어진다. 흔적도 찾아볼 수 없게 사라진다. 무엇을 위해 사는지 이유를 잃어버렸다. 뭘 좋아하고 먹고싶어하는지도 기억이 나지 않는다. 그저 아침에 눈이 떠지면 숨이 쉬어지기에 하루하루 억지로 살아가는 듯 하다. 작은 행복도 존재하지 않는 무의미한 이 끝없는 길을, 행복도 바라지 않으니 다만 슬픔만은 없길 바란다. 걷고 또 걷는다. 끝이 나길 바라며, 살이 까져 피가 나고 쓰라려도 묵묵히 걷는다. 부서진 파도가 다시 하나가 되서 본래의 모습을 찾듯, 묵묵히 걷다보면 잃어버린 나를 찾을 수 있겠지."
sadness,"비가 온다. 너와 처음만난 날도 비가 오는 날이었고 처음 싸우고 화해한 날도, 우리가 헤어진 날도 비가오는 날이었다. 다 비워냈다 생각했는데 비만 오면, 우산만 보면 너가 생각난다. 너가 비워진 자리엔 빗물이 고여있었고 비가 그치면 매말라 너의 흔적이 더 또렸해졌다. 너를 좋은 친구라 애써 포장하다보니 내 모든 기억이 미화된 것 같다. 나에게 그리 나쁘게대한 되게 미운 사람이었는데 좋은모습만 기억하고싶어진다. 실은 아직 너를 다 비워내지도 못하고 널 잡고있다. 놓아주질 못하겠다.. 네 옆에 다른 여자가 서있는 모습을 봐야 정리가 될까 여전히 너가 그립다"
sadness,"당신의 품에서 태어난 그 순간부터 나의 모든 일생을 지켜주었던 당신, 때론 원수가 되어 싸우기도 하고 힘든 일이 생기면 끌어안고 울기도 하고 기쁜 일이 생기면 제일 먼저 생각이 나는 내 모든 기록들에 함께해 준 당신.. 머리가 자라면서 생각이 커지면서 왜 이렇게 가슴이 아픈지 모르겠습니다 언제나 여기 그대로 계실 것만 같은데 시간이 지나면서 하루가 무섭습니다.. 내 세상 내 우주 내 전부 내 편이 되어주고 내 곁에 있어주고 내 삶을 만들어줘서 감사하고 또 감사합니다 오늘, 당신의 눈물과 그 깊은 아픔이 유독 가슴이 쓰라릴 만큼 괴롭습니다.."
sadness,"우리 사람들간의 마음이란 겨우 이런 것 아닐까요? 단순히 생각해보면 어렵게 보이던 것들도 쉽게 보이죠. 삶은 구름에 가려진 달처럼 어둡고 포장되지 않은 흙바닥 같아요. 하지만 우리에게 불어오는 바람은, 달을 가린 구름을 밀어내 빛을 보게 할 것이고 흙바닥에 나무와 꽃의 씨앗을 심어 아름다운 초원을 만들거에요. 우리의 삶의 시간은 아직 다양한 사람을 더욱더 알아가게 하고, 서로를 변화하게 만들고 여럿 감정을 느끼게 하죠. 그러면서 다가오는 폭풍들은 나의 모든것들을 망가뜨릴 지언정 우리는 망가진 곳에 새로운 것을 만들어나아갈 거에요. 그러니 무너지지 말고 더 나아가죠."
sadness,안되는걸 알지만 붙잡았어요. 후회할것만 같아서 그랬어요. 당신 마음속에 아주 조금이라도 내가 남아있을거라고 믿고 싶었거든요. 그래서 죽을힘을 다해서 소리쳤어요. 나 좀 봐달라고 내 손 좀 잡아달라고.. 이기적일지 모르지만 살고싶었어요. 당신이 없는 나는 하루하루를 후회라는 감옥에 갇혀서 고통속에 아등바등 몸부림치면서 당신을 생각하며 버티고 있거든요. 안되는걸 알지만 다시한번 당신의 미소를 보고 싶었어요. 미안해요. 안되는걸 알면서 이러는건 아직도 내 심장이 당신을 잊지 못해서 그래요. 당신을 아직도 정말 많이 사랑하거든요. 내 심장이 지쳐서 멈출때가지만 사랑할게요.
sadness,"매일매일 얼굴 보여 달라는 엄빠의 태담을 아직 듣지 못했나보다 우리 깜짝이 보려하면 할수록 얼굴을 파뭍어 주시는 그래 28주를 기다렸는데 32주까지 못기다리랴 아님 태어나면 얼굴 보여줄꺼니? 그래두 머리,몸무계,팔다리 모든게 주수에 맞게 딱딱 잘 크고 있다니 뿌듯 엄마아빠는 그저 우리 깜짝이가 건강하기만을 기도한단다 몸무계도 1kg 돌파했고 엄마는 몸무계 유지중이고 앞으로 세상 밖 나올 때 까지 우리 힘내보장? but...1차 통과 실패한 임당검사 일주일뒤에 엄마 꼭 통과할께?? 4시간 병원에 있을 생각하니 벌써부터 죽을맛"
sadness,잠에 들며 왼쪽으로 눕던 그 순간에 눈물이 흘러 하늘같은 천정 바라보며 누우면 멈출까 그리했더니 눈에 고인 눈물은 양쪽 볼골이 충분히 깊지 못했는지 이내 흘러넘쳤다 콧등 양쪽골로 모이고 모인 눈물은 모이고모여 깊은 웅덩이가 되어 모두의 글로 인한 슬픔이었나 생각하던 찰나에 그것이 악몽이었는지도 모르는 착각속에서 잠이 들었었는지 조차 구분 못하고 있었다 정신 못차리고 헤어나오지 못하려나 하는 찰나에 아! 나에게도 눈물이란게 있었네 하며 촉촉했지만 이내 말라가는 눈물자욱을 손가락으로 닦아내며 위안을 삼으며 다시 베게를 고쳐 베고 이불을 덮고 잠을 청한다
sadness,"흐르는 불행과 떨어지는 비극에 부정으로 얼룩진 사고가 맺는 상은 희미해진 처음부터 뚜렷한 지금까지의 선상 시간이 의도한 우열에 나는 내 속으로 숨어 들어가고 침잠하여 과거라는 선 위에 뿌리내린 반성은 마침내 선에서 한 점으로 몰입되어 무게중심이 집중된다. 점은 착란에 분산하여 다시금 선으로, 면으로 팽창해서 곳곳이 조각나고 구멍 뚫려 침착이 깨져내린다. 쌓인 파편이 베어내려 자아가 침전한 심연에는 뒤틀린 시야의 해수가 맞이한다. 검은 눈의 주인이 숨을 죽이고 기도한다. 날카로운 눈으로 숨이 멎는 순간까지 염원한다. 이제는 평안이 있기를."
sadness,당신이 날카로운 가시로 찌르는 듯한 말을 내뱉어도 괜찮습니다. 그 말에 상처입지 않는 방법을 알았거든요. 당신이 선인장처럼 상처를 주는 뾰족한 옷을 입었다해도 괜찮습니다. 그 옷 너머 무엇이 있는지 알거든요. 상처를 입기를 두려워하는 당신이기에 그만큼 속은 연한 당신을 알기 때문입니다. 당신 속은 사실 따스함을 품고 있음을 알기 때문입니다. 그러니 가시나무 그대여. 미안해하지 말아요. 당신만이 나의 포근한 집이니..
sadness,새벽 산책을 즐기시는분들은 아실거에요. 차가운 공기는 상쾌하고 착 가라앉는 기분과 시간이 멈춰 버린것만 같은 느낌을요. 지금 순간만큼은 누구에게도 방해 받지 않고 세상에 나 혼자 있다고 생각되는 시간이라는걸요. 더할나위 없이 행복할땐 모든 잡념과 불안을 잊게 해주기도 하지만 고요한 새벽에 잡아 먹히면 갑자기 몰려오는 외로움과 공허함에 괴롭다는것을요. 그럼에도 매일을 이렇게 방황하며 견디는 이유는 누군가가 진득하게 생각나고 그리우니까.. 보고싶지만 볼 수가 없어서.. 고요한 새벽이 모든 슬픔과 아픔을 같이 삼키길 바라니까..
sadness,"두 눈에 슬픔이 서려 슬픈 것들이 보인다. 사는 것의 속성이 슬픔인지 앞 집 넘어 뒷 집에도 슬픈 일들이 가득하다. 애써 눈 감아봐도 슬픈 것만 보여서 왜 그러나 했더니 내게 담긴 것이 슬픔뿐이더라 손끝, 발끝, 머리, 가슴, 다리, 팔. 붉은 혈액 자리에 푸른 슬픔이 흐른다. 핏줄을 이으면 지구 2바퀴를 돌 수 있다던데 내 슬픔도 이어내면 그리 기나긴 모습일까. 푸른 지구에 살 수록 푸른 사람이 된다. 그럴때면 어디서 들려오는 붉은 말 “우리 딸 고생하네"""
sadness,오늘 지인의 안타까운 소식을 들었다 해머로 머리를 맞은듯한 머리가 하애지듯한 나의 무의식이 꿈틀거리는듯하다 최대 정신적 지주의 부재로 홀로남겨진 기분.. 항상 내가 고민하고 두려웠던 씨앗이였다 그것이 발화한뒤 발생되는 모든일에 내가 감당을 할수 있을까? 언젠간 나에게도 일어날이기에 그에 대한 대비는 어떻게 해야할지가 고민이다 지인의 심정이 빙의된듯 한동안 움직이지않고 있다가 현실을 맞이해야하는 순간에 또 한번 깨닫는다 온전한 나로 되어가야한다 한 사람 한 사람의 삶은 자기 자신에게로 이르는 길이다 -헤르만헤세-
sadness,"며칠 전 엄마랑 대판 싸웠다.. 그리고 나서 이야기로 풀려고 이야기 하는데 엄마가 나한테 이런 얘기를 했다. ""엄마는 유일하게 외출하는 날이 병원가는 날인데 너가 병원 안간다고 얘기 하니 서운했다"" 라고.. 그 이야기 듣고 펑펑 울었다... 그랬다. 엄마가 다리를 다치고 나서 내가 데리고 나가지 않음.. 밖에 나갈 수가 없었다.. 내가 엄두가 안나서...데리고 나갈 수가...말 그대로 유일하게 병원 가는 날이면 바깥 바람을 쐐는 날이였다... 오죽했으면.. 병원가는 날이 좋다고 할까...미안해...엄마..."
sadness,"나의 실패를 쉽게 얘기하는 그대에게. 그거 아세요? 그날의 실패는 오로지 내 입에서만 논해질 수 있다는 것. 365일동안 매일 미래를 꿈꾸며 쌓아가던 조각들의 기억이 아직도 하나하나 생생하게 떠올라요. 그런데 눈물로 쌓아올린 탑도 거짓말처럼 하나의 조각때문에 무너지더라구요. 치명적인 하나의 블록만 빠져도 무너지는 젠가처럼요. 1년이 지나고 10년이 지나도 그날의 아픔은 마치 오늘인것 처럼 쓰리거든요. 그러니 내 상처를, 내 실패를, 입에 올릴 자격. 단 하루도 겪어보지 못한 그대는 아무 자격도 없습니다."
sadness,"사랑하는 아도니스가 죽었으니, 나 사랑의 신 비너스는 다음처럼 저주의 예언을 하노라. 이후로 사랑에는 슬픔이 따르리라. 사랑에는 언제나 질투가 따를 것이고, 시작할때는 좋겠지만 끝은 불쾌할 것이로다. 셰익스피어의 비너스와 아도니스에 대한 서사시 중 . 사랑의 여신 비너스가 연인 아도니스의 죽음으로 인해 사랑에는 언제나 슬픔과 질투 그리고 끝이 있다는 저주를 만들었다고 해요 그래서 그렇게 이별이 그토록 아프고 힘들었던걸까 비너스 참 밉네요??"
sadness,"현재 우울한 당신이라면 그 마음을 고스란히 글로 표현했으면 좋겠어요. 누군가를 원망하는 글이어도 되고, 나 자신에게 괜찮아질 것이라고 위로하는 글이라면 더욱 좋을 것 같아요. 그 글자들은 가까이에서 보면 그저 종이 위에 놓인 잉크에 불과할지도 몰라요. 하지만 저 멀리에서 보면 소중한 그대 진심의 아우성일테고, 우울함에서 벗어날 수 있는 중요한 한 걸음일 것이며, 또다시 우울함에 빠진 당신에게 건네는, 오로지 그대만을 위한 최고의 위로가 될 거예요."
sadness,아무리 씻어도 씻기지 않는 저 얼룩은 아무리 웃어도 웃음으로 가려지지 않는 내 슬픔과 닮아있다. 다 같이 웃음 짓고 있다고해서 모두 같은 웃음은 아니다. 길잃은 나의 슬픔을 모른 척 해주길 바라고 있는 것 처럼 활짝 웃어보이지만 실은 웃음 뒤에 숨어 하염없이 울고있는 나를 알아주길 바란다고 울부짖고 있다는 걸 결국 다시 슬픔을 등에 지고 절대 드러날 수 없는 깊숙한 곳으로 끌고 가 숨어버렸다. 세상의 불이 꺼지고 방에 암흑이 가라앉으면 그제야 슬픔으로 빈틈없이 덮여버린 얼굴과 다시 마주한다.
sadness,일어서는 낙담에 취해 집을 향하는 두서없는 걸음 꺾이듯 고개를 들어도 그저 바라보는 밤의 무심함이란 나는 잘 모르겠어요 휩쓸리며 걸어왔을 뿐인데 말이죠 피곤에 절여진 청사진은 이미 예전이었다며 툭 던져진 나는 방문을 걸어 잠갔어요 나는 이제 알 필요가 없어요 홀로선 가로등을 보며 하늘에 별이 없어도 소원을 비는 법을 배웠고 날이 선 자학으로 그은 손목에는 추억거리도 안될 선들을 남겨놓으며 갇힌 방에서 나가는 방법은 방문을 여는 것이라는 당연함을 익숙한 숙취에 시달리며 깨달았으니까요
sadness,집을 나선 담벼락 아래 아무런 함의가 없는 풀꽃이 피어있다 길에 흩어진 유리조각은 어젯밤 흔적일까 아니면 지금은 감정을 잃은 쇳조각일 수도 그득이 넘치는 생각을 집어 누르듯 길을 꽉꽉 밟으며 지난다 피곤을 싣고 있는 지하철이라는 걸 향긋한 빵 냄새로 아는 것이 혼란스럽다 문틈에 붙은 허기진 눈들이 군침이 돌아도 호흡을 억누르며 걸음을 재촉한다 거대한 쇳덩이 속에 흔들리며 생각 없이 답지 않은 물음이 떠오를 때마다 무시한 탓 일까 시간이 많아도 여유롭고 싶지 않았을 뿐이다
sadness,"응,, 이제와 돌이켜보니 흡사 그 날은 남표니 아직 왼손 부상중인데도 삼쩜 슛이 미친듯이 들어갔었던 날이었을꺼야ㅎㅎㅎ 나능 열심히 농구 볼 셔틀한 이후, 셔틀콕 세개가 바스러지게 배드민턴을 했더랬지 격렬한 운동을 즐겁게 마친 그 날 밤에는 미쳐 알지 못했지 바스러진 셔틀콕 세개처럼 이후 내 왼쪽 무릎도 바스러지고 왼쪽 손목도 돌아오지 않는다는 걸ㅋㅋㅋㅋㅋㅋㅋ 이젠진짜늙었나보다 블랙라벨 내 유일한 출근의 이유인데 잠시쉽니다"
sadness,. . 오늘 덮었는데.. 너무 어색해서 나 자신이랑 낯가리는 중..ㅎ 나 진짜 솔직히 넘 우울했어서 오늘 너랑 만나서 넘넘 다행..ㅠㅠ 정말 덮기 싫었다.... . . 나 진짜 진심으로 덮은 머리 다 자르고 나면 밝은 색으로 다시 염색할거야 진짜 . . 민아.. 너는 너가 정말 덮고 싶을 때 덮어... . . . 염색했던거 한방에 몰아보려고!! 기념으로!!!! 연대기 만들어 봄ㅎㅎ . 이걸로 달래야지..ㅠㅠ
sadness,"없이(아니, 이유가 없진 않을 것이다. 다만 내가 그 이유를 모를뿐이다) 슬플 때가 있다. 아이유는 이런 순간이 오면 '이건 이다. 난 다시 이 좋아질 것이다.' 라고 하며 떨쳐내기 위해 애쓴다고 이야기 했지만 은 가짜도, 불필요한 감정도 아니다. 모든 감정을 일일이 정면으로 부딪힐 필요는 없지만, 주어진 감정을 아무 것도 아닌 것처럼 치부해버리는 것도 결론적으로 나 자신을 속이는 것이다. 수없이 생각해보았지만 나는 나이고, 그 누구도 될 수 없다. 그래, 나는 나이다."
sadness,소외되고 상처받은 약자를 유혹하는 천사 아픈 곳을 어루만지며 다정한 얼굴로 책임지지 못할 말을 뱉네 상황에 처한 약자를 달래기 위해 아무 생각과 의미 없는 감언이 눈덩이처럼 굴러가 거대해진다는 것을 알 턱 없는 천사 가여운 약자는 그것이 빈말이라는 것을 알면서도 안쓰러운 현재를 외면하기 위해 속아 넘어가고 연민이 필요하여 약자가 펼치는 동정 연극에 한 치의 의심 없이 속아 넘어가는 천사 무신론자의 눈에는 서로가 서로의 악마로 맹목없는 이들이 야기한 악순환으로 비춰진다
sadness,"난 아직 거기에 머물러있나봐. 너와 가장 행복했던 그 날이 자꾸 생각나. 요즘들어 너가 나오는 꿈을 꿔, 그 꿈이 깨면 너가 없다는 사실에 또 한 번 괴로워하는 거 같아. 널 못 본지 몇년이 되었고 넌 거기서 잘 지내는 거 같아 보여. 넌 내가 그립지 않나봐. 나도 널 잊고 싶은데 너와 함께했던 날들이 내 인생에서 내가 가장 예뻤던 날이야. 그래서 더 잊을 수가 없어. 여자는 사랑받을 수록 예뻐진다고 하더라, 그래서 그때 그렇게 예뻤나봐. 보고 싶다, 내 첫사랑"
sadness,딸래미랑 도서관에 갔을 때 너무나도 좋은 책이여서 몇번을 빌려 본 아홉살 마음사전 그 중 어이없다라는 내용이 너무 재미있어서 사진으로 찍어뒀는데 그 어이없다가 내 얘기가 되었다 취사버튼을 안누르고 밥이 다 된줄알고 연 순간 진짜 어이없었다 딸래미가 하는 말 엄마 이거 아홉살 마음사전에서 나오는데 어이없다야~~~ㅎㅎ 어이없다는 확실하게 알겠구나 이밤 씁쓸하다~~ 더 슬픈건 점점 어이없는 일들이 많아진다는거~~~왜케 슬프냥~~~
sadness,잊고 싶다 한다고 잊혀지나요... 아직 너를 좋아하는데 그게 어찌 가능하겠어... 마음을 간직한다고 해서 오지 않을 너란걸 알지만... 너와 함께한 시간 추억이 나에겐 여전히 소중하기만 하네... 많이 사랑해서 그래서 너를 잃을까 불안해서 그래서 널 그토록 구속하려고만 했었어... 이제는 너를 좋아할 수도 없는데 미워하는건 더 안될꺼 같아... 여전히 니가 그립고 그냥 너라서 보고싶고 잊을 수 없고 그냥 너라서 여전히 좋다... 다른이가 아니라 너라서...
sadness,그대가 내 마음을 걷어차고 떠나갔을 때 난 그대를 따라갔다. 그대를 잡고 다시 한번 이야기를 하고 싶었다. 그리고 내 뒤로는 내게 사랑을 원하는 또 다른 그대가 달려왔다. 난 다른 그대에게서 멀리 도망쳐서 그대를 따라가려고 했다. 그 순간 우리 셋은 만났다. 그리고 그걸 본 그대는 내가 그대를 잊은 줄 알고 도망갔다. 그대 뒤에는 내가 내 뒤에는 또 다른 그대가 서로의 등만을 바라보다 서로 만나고 서로에 행동을 오해하여 또 도망가고 잡길을 반복했다
sadness,모든 것에 영원은 없다. 감정도 관계도 그 무엇 하나 영원일 것은 없다. 하지만 어리석게도 당신과의 연은 영원이길 바랬다. 영원이 되지 못한다면 긴 시간 함께하길 소망하며 봄을 닮은 당신과 함께 따듯하길 원했다. 당신이 봄을 닮아서일까. 봄과 함께 당신도 떠났다. 왜 하필 많은 계절 중 봄을 닮아 벚꽃처럼 가버렸는가. 여름의 장마도 가을의 낙엽도 겨울의 눈도 이리 짧게 지나가진 않았을거다. 봄을 닮아 사랑스러웠던 당신이 이젠 봄을 닮아 원망스럽다.
sadness,"왜 잊지 못하냐구 묻는다면... 너라서 라고 대답 할 수 밖에... 왜 놓지 못하냐구 묻는다면... 나를 이해해주고 아껴주던 사람 너였어서.... 라고 대답 할 수 밖에... 참 많이 싸워봤고, 그로인해 많이 아팠고... 많이 힘들었고, 많이 외롭게도 했던 사람... 너였어서... 그런 고마움, 기쁨, 슬픔, 행복을 함께한 너였어서 잊고 싶지 않은 것 같아... 잊을 수가 없는 것 같아... 이정도의 시간이 흘러도 여전히 널 사랑해.."
sadness,"끝무렵 전부 부질없다 느껴져. 남들처럼만 살아보자는 다짐도 평범함을 추구하던 가치관도 사랑에 대한 미련도, 삶에 대한 아쉬움도 조금이라도 손에 붙잡고 싶던 행복도 내겐 더 이상 쓸모없는 감정들에 불과해. 결국 다시 돌아오는 건 우울, 슬픔, 무기력뿐 집으로 돌아가는 길, 버스 창가에 앉아 창문에 기대어 이런저런 생각을 해. 평생 비가 내려 우산 아래로 숨고 싶어. 내 우울한 모습을 보이고 싶지 않아, 슬픈 표정을 들키고 싶지 않아."
sadness,세상은 아직 따뜻하다 소외되고 보이지 않는 저 취약한 곳에 밝은 도움주는 따뜻한 사람들이 있기 때문이다 가정 폭력으로도 아픔을 겪고 있는 분이 그 아픔 그 고통 그 슬픔을 견디고서 홀로 서는 두려움앞에 서서 그런분들을 위해서 자기일생를 걸고 싶다는 마음에 눈물이난다 마음이 뜨겁게 끌어오른다 난 무엇에 내 인생을 걸까 먹먹하게 생각해본다 우리는 과연 무엇을 위해서 내 일생을 걸어야 할까요 존재앞에서서 말해본다 어디에 일생을 걸것인가?
sadness,그대와 재회를 한다면 그대는 다시 사랑하는 일이지만 저는 잊는 걸 잊는 바람에 재회라 표명할 수 없습니다 그대에 짧은 성명은 부를 수 없이 멀어졌으나 달을 한 바퀴 돌 만큼 길었더라도 토씨 하나 잊지 않았을 겁니다 비록 그대와 사랑은 절멸했지만 흩어지고도 남은 사랑을 시간조차도 못 가져가도록 고이 숨겨놓은 채 간직합니다 주말에 딱히 할 일이 없을 때마다 그대를 떠올리면서 세상에 없는 듯한 그대를 가끔 사랑하곤 합니다
sadness,점점 아이가 되어가고 있는 듯 하다. 마음도 생각도 감정도 모두 아이가 되어 기댈 곳을 갈망하는 듯 아이가 되어가는 중인듯 하다. 인간이 참 어린 생명체 인 것 같다. 겉으론 다 큰 척 멋있는 말을 뱉으면서 뒤돌아 울고있다. 나보다 더 높은 사람 곁에서 더 큰 기둥같은 사람 곁에서. 그런사람들은 다 아는 것 같다 신기하게. 내가 무슨 일이 있는지 무슨 생각을 하는 지. 내가 그들이 무슨 생각을 하는 지 모른다는 건 참 억울한 일일지도.
sadness,하루를 덧칠하던 가랑비를 기꺼이 맞이하는 입술 연푸르게 죽은 하늘과 색을 나누며 깎아내던 비극은 미소지었어 얼른 도망치도록 해 울긋불긋한 세상에 물들고 싶지 않다면 손발이 떨리더라도 시를 노래하고 싶다면 아마 대단한 이유는 아닐꺼야 마침 혈향같은 꽃내음이 퍼지고 네 목소리가 살아있었을 뿐이니까 뒤돌아보지 말도록 해 걸어온 발자국은 빼앗긴지 오래거든 그러니 그저 앞을 보고 그 숨이 다할 때까지 노래를 부르도록 해
sadness, 소리만 들어도 알아 네가 가진 슬픔 혼자 어쩌지 못해 몰래 흘리는 눈물. 아무도 모르게 조용히 울다 사라지고 싶겠지만 슬픈 음악처럼 마음을 두드리는 너의 소리를 깨어있는 내가 어떻게 모른 척할 수 있겠니. 네가 내리는 밤이 오면 창 닫힌 방 안쪽 보이지 않는 그곳에서 너의 소리에 귀 기울이는 너의 마음을 헤아리고픈 누군가가 있다는 것이 위안이 될까. 혼자가 아니야.
sadness,"내가 죽었을 때 내가 사랑하는 사람들이 슬퍼하고 우는 모습, 나를 그리워하는 모습을 보고 싶어. 내가 살아있을 만 했던 존재였는지, 나는 사랑받을 만 한 존재였는지 뚜렷하게 확인할 수 있을 거 같아서. 어쩌면 그것이 더 살아있는 느낌일 거 같아서. 내 사랑하는 사람들이 아파하는 것을 보고 내 마음도 아파오고 깊은 슬픔이 다가올 때는 다시 살고 싶을 거 같아. 그래서 죽음이 밉겠지. 아무튼 내가 슬픈 것은 피할 수 없네."
sadness,자꾸생각날거에요. 그만하고 싶은데 늘 그래왔고 그게 당연한것처럼 일상이 되어 있겠죠. 누군가를 좋아하고 사랑하는데 당연한거에요. 눈뜨고 하루를 시작해서 잠들기전 하루를 끝내기 전까지 그럴거에요. 그게 당연한거에요. 그러니까 억지로 멈추려고 하지 말아요. 그냥 생각나면 생각나는대로 두는거에요. 당신에게 소중하고 전부인 사람이잖아요? 지금은 그냥 두세요. 심장이 그걸 바라는거에요. 그러니까 딱 생각나는만큼만 그러도록 해요
sadness,울 찌누 낮잠 푸욱 자고 일어나서 뿌에엥 누가보면 엄마가 옆구리 꼬집었는줄 알겠어 얘 그래도 요즘 낮잠시간이 조오금 길어진거같아서 자유시간이 좀 생겼다 30분이 낮잠시간이었으니...넘 야박했지? 그치? 낮잠도 잘 자고 밤잠도 잘 자주라구?? 8개월 입성하더니 완전 때때때때쟁이가 되어브럿어?? 그래도 우래기 크느라고 고생하는거 엄마 아니까 다치지만 말고 잘 버텨보자??????
sadness,한 줌의 구름 없던 아름다운 밤하늘에 당신은 왜 숨었습니까 그렇게 빛나던 별들 중에서 가장 따뜻했던 얼굴을 어째서 감추셨습니까 왜 제게서 도망치듯이 한번도 뒤돌지 않고 저 멀리 떠나시나이까 당신이 무엇을 하든 나는 상관하지 않을테니 그저 옆에만 있는것도 제겐 허락되지 않는단 말입니까 애초에 당신을 보지 않았더라면 정말 좋았을 것을 당신은 그런 생각도 하지 않았겠지만 나에 대한 생각은 한번도 한번도 한적 없겠지만
sadness,요보 나이렇게까지는 필요없는데ㅠ 난 감가상각되는거 돈아까운데 아놔 . 당신 다계획이있었구나 당신진짜 요즘 너무지르시는거아니심?? 시댁집지어드리는거때문에 찔리심?? . 그래 나이사십에 이정도타줘야되나 . 만사 집순이 타고다닐때라곤 애들 픽업할때뿐?? . 성격이 즐기는 성격못됨?? 꿈많은 딸램위해 치마바람좀 불고댕기야되는데 아 마트끌고다니기엔과하다 과해 안좋타안좋아 아니다 아니야 .
sadness,살아가는 흘러가듯이 살아간다는 건 설운 일이 넘쳐난다는 말입니다 지나간 것으로 여기면서 남아있는 것들 돌아보지 않으려 애써도 나를 서려 붙잡습니다 그리움 그 보단 미련일까요 후회가 짙어서잊히지 않는 걸까요 슬퍼도 울음이 나지 않는다는 어리석은 말 그 정도로는 비워낼 수가 없어서 담아둘 뿐입니다 그렇게 지내는게 사는 거라고 하던가요 설운 마음들을 눈물로도 밀어내지 못하면서 흘러가듯이 살아내는 중일 텐데 말입니다
sadness,봄바람 눈을 뜬지 스물 두해 아직 사랑할 수 있는 게 있을까요 해마다 끊어내는 일을 반복하는 게 삼월입니다 봄은 따뜻한 시작이어서 부서진 바람조차 포근하게 지난 설움을 잊으라 속삭입니다 괜스레 재촉하는 걸음을 따른 못다 피어 마주한 도로변의 가로수와 설핏 오른 야경이 겉옷을 내려놓은 듯 흘러내린 풍경이 살가운 기다려줄 수 있을까요 저는 아직 한창 겨울이어서 다만 사랑을 하기엔 미련이 남아서 말입니다
sadness,"나의 첫 드럼이자 약 4년간 연습,공연,녹음을 함께했던 친구를 다른 드러머분에게 보내게되었다.. 팔때는 잘 몰랐는데 다음 주인분이 가져가셔서 잘 설치끝냈다고 문자로 사진을 보내주시고, 다른공간에 놓여진 모습을 보는순간 뭔가 가슴이찡하고.. 물건에도 정이든다는 말이 무슨 말인지 실감이 나는거 같았다.. 4년간 잔고장없이 나와 함께 해줘서 고마웠다 ㅜㅜ 앞으로 새로운 주인과 좋은 연주를 들려주길"
sadness,"행복이란. 다가왔다 싶으면 멀어지고. 멀어지고 계속해서 멀어져, 사라졌다 싶으면 나타난다. - 쫓는 것 같다가도 쫒기는 것. 가깝지만 먼 그런 추상적인, 찬란하지만 그 찬란 속에 수많은 슬픔이 희생당한. - 보통 사람들은 많은 것을 바라지 않는다며 작은 행복을 바라지만, 그 작은 행복에도 슬픔이 따르기에. . 어쩌면 우리는 행복을 못 본게 아닐까. - 큰 행복에 정말 작은 슬픔이 따르길."
sadness,이제 정말 이별이야 보고 싶어도.. 연락하지마 찾아오지마.. 연락하다 갑자기 보고 싶어질 수도 있으니까 찾아오면 내가 다시 너에게 마음을 줄 까봐.. 다신 똑같은 상처를 받고 싶지가 않아.. 널 지울려고 해도 그게 잘 안돼.. 다른 누구말고 너.. 단 하루도 널 잊은 적이 없었는 데 이제 잊어볼려고.. 넌 잘 지내고 있더라.. 나도 너처럼 잘 지낼려고 해..
sadness,마사지건이 있지만 압이 세서 잘 쓰지 못하고ㅠㅠ 운동도 잘 못가고ㅠㅠ 어깨는 자꾸 뻣뻣하게 굳어가고요ㅠㅠ 집에서 필라샘이 알려주신 어깨돌리기 하곤 있는데 7키로짜리 맨날 들고있으니 택도 없네요ㅋㅋㅋ 셀프 부항 떠도 그때 뿐이고요ㅠㅠㅠ 그냥 쉬면 나을거 같은데 백퍼 천퍼 나을 수 있는데...ㅠㅠ 아 마사지건은 좋아요 아직 출산한지 오래되지 않아 저만 잘 못쓰는 것뿐ㅠ
sadness,얼마만인가요 넘 바빠 운동을 못하고 그러다 거의 한 달동안 운동을 안하고 맘껏 먹고 놀아버렸네요ㅋㅋ 눈바디가 점점 옥죄어와서 오늘 간만에 아침 공복 운동하고 아침도 닭가슴살에 단호박 먹었어요. 살때문에 그만 고통받고 싶다 2주간 술과 과자는 끊어보겠습니다. 과식도 절대 안할거야..!!!! 몸무게는 숫자에 불과하지만 그래도 2kg는 빼볼까나..ㅋㅋㅋ
sadness,"태양이 사라졌다고 생각하는 순간, 한줄기의 빛이 내게 비쳤다."" ㅡ 커트 코베인(1967.2.20.ㅡ1994.4.5.) 그가 죽었다는 소식을 친구로부터 들었을 때 나는 잔디밭에서 불안한 눈빛의 동년배들과 술잔을 기울이고 있었다. 그를 아는 이들은 깊은 슬픔과 절망에 빠졌고 그를 모르는 이들은 이런 우리를 의아하게 쳐다보았다. 그리고 그가 세상을 떠난 후 내 삶의 궤적도 바뀌었다."
sadness,"3년전 처음 부속어린이집에서 데려온 우리 집 새 가족 햄스터 점박이..... 항상 바퀴를굴려가며 밤 늦게부터 새벽까지 열심히 놀았던 아이... 최근 이별을 준비하기위함인지 털과 살이 빠지더니... 오늘 우리 곁을 떠났다.... 더 많이 아껴주고, 사랑해주지 못한 미안함.... 우리 세 가족 함께 손을 잡고 기도했다... 점박이가 평안하기를..... 점박아.... 안녕...."
sadness,따사로운 햇살 사이로 그대의 더없이 맑은 미소가 비칩니다 그림자처럼 그대 뒤에서 영원히 머무르는 것 또한 평생의 염원이나 그대의 미소를 바라볼때면 단 한번이라도 그대와 마주 볼 수 있기를 그대의 맑고 초롱한 눈과 시선을 맞추고 속절없이 깊은 눈망울 속 유영할 수 있기를 그대는 내게 따사로운 미소를 보이지 말길 내게 그대와 마주할 용기를 불어넣지 말길
sadness,여행을 못간지 2년된거 같다 코로나가 아닐땐 다들 어디갈까 저기로갈까 생각하고 또생각하면서 기쁜마음으로 여행을 갔는데 터진이후로 못가는날이많아지고 슬픔속에 마음의 문을잠궈버리고 언제쯤 마스크 벗는날이 올까 그날이 1년이지날지 2넌이지날지 아무도모른다 마스크벗는 날이 왔으면 좋겠다 그러면 다들 좋아하고 서로바라보며 웃고 행복할텐데
sadness,말없이 쏱아지는 것에 슬픔을 느낌이라 조용히 나리는 것에 시원함을 느낌이라 담고 담겨 섞인 것에 비 한 방울이 물결치듯 내릴 때 나는 왜 만족하였는가 그건 아마도 이다지도 섞인 내 모양이 흘러내리는 빗줄기를 바라보며 흐르기 시작하기 때문인듯해 고인것이 썩는것이 아니라 고인것이 숙성되도록. 담고 섞고 흘리고 품어 나의 것을 지키기를. 오늘도 아껴 품고 숨을 쉬어본다
sadness,기회가 온다면 고민하지 말고 그 기회를 잡으시길 바래요. 그 기회가 자신이 바라고 바라던 것이라면 더욱 놓치지 않으셨으면 좋겠어요. 바라지 않았지만 한번쯤 생각해봤던 기회라도 잡아보셨으면 좋겠어요. 아직 오지도 않은 미래 걱정에 망설이지 않았으면해요. 후회할지도 몰라요. 누군가에겐 간절히 바라던 기회라고 생각하고 마지막이라 생각하며 기다리고 있을지도 모르거든요.
sadness,"사이에서 희게 피어오른 날이었다 맺음새 없이 매끈하지도 않았던 옅게 깔린 안개만큼이나 흐렸했다 감히 이야기를 청해 한 숨 돌릴 새도 없이 두드리는 연의 계 딱히 누군가가 있지 않을 사이 검은 하늘이라도 비춰주었으면 하였지만 어떤 잎도 붉지 못했다 아마도, 이젠, 다시는, 그렇게 말들에 지쳐서 귀를 막는다 담그어도 더럽혀지지 않는 그저 흰 사람을 원했을 뿐인데"
sadness,"ㅠㅠ오늘 결긴데ㅠㅠ 아침일찍부터 호출로 친정엄니모시고 응급실행ㅠㅠ 이런시국에ㅠㅠ안아픈곳도 아프겠다는ㅠㅠ 격리실에서 코로나검사 피검사 등등...많은 검사ㅠㅠ 한참의 시간이 지나고 코로나는음성ㅜㅜ 불행중 다행이지만ㅠㅠ 결기6주년...ㅠㅠ속상ㅠㅠ 엄마 아푸지마세요ㅠㅠ 친정아부지말씀 ""걱정마 엄마 골골백세로 내보다 오래살껴"" 엄마 아푸지말고 오래오래건강해쥬세효ㅠㅠ"
sadness,아이라인 지우러 갔다가 쌀국수만 폭풍 흡입하고 돌아옴ㅋㅋ 한달에 한번씩 10회 해야한데요.. 속눈썹이 다 빠진데요.. 일주일은 부어있데요.. 첫달은 라인이 더 찐해진데요.. 일년동안 한달에 일주일을 부운눈으로 어떠케 살아....?? 한달에 한번 수면마취하는건데 이건 괜찮은가? 그냥 진한 아이라인으로 촌스런 아이라인으로 인상 쎈언니로 살기로...??
sadness,"미안해.. 나같은 사람을 좋아하게 해서, 너와 너무 많은 추억을 쌓았으면 안 됐었어.. 근데 너무 두려웠어, 너가 소중했거든.. 근데도 받아주지 못한 이유는 말야.. 나도 나를 사랑하지 않는데, 내가 다른 사람에게 사랑을 받아도 되는 건 아니라고 생각해서야.. 너가 싫은게 아니라.. 내가 너무 못나서 그런거야.. 미안.. 내가 이런 사람이라서.. 미안해.."
sadness,"...하루종일 예민했던하루ㅡ 예약날짜 다가오면 또이런저런 근심..걱정.. 수술하고나면 괜찮을줄 알았는데ㅡ 한달에 한번에서 3개월에 한번인데.. 여전히 마음은 천근만근ㅠㅠ 금식, 수면제먹고도 잠못드는 가여운모습, 또 얼마나 울어야 끝이나려나.. 또 얼마나 트라우마로 힘들어하려나.. 미안하고,내가…죄인…"
sadness,나는 널 원하지 않는다 단지 네가 행복했으면 내가 걱정할 필요도 없이 떨쳐내기 힘든 너란 사람을 어떻게 잊을까 널 미워하는 건 옳지 않고 널 사랑해선 더더욱 아니되니 난 그냥 네 행복을 바라기로 했다 그렇게 네가 행복하다면 내가 걱정할 필요도 없으면 자연스레 널 잊지 않을까 하고 의미없는 생각을 하면서 또 누군가의 행복을 바라고 바라고 있습니다 오늘밤도
sadness,"5월 3일의 당신은 이별의 슬픔을 알기에 함께하는 모든 순간을 소중히 여기는 사람이에요 금잔화는 햇빛을 받으면 피고, 해가 진 밤에는 지는 꽃이에요 꽃말처럼 햇살과의 이별을 슬퍼하는 금잔화인가봐요 어제는 하루 종일 비 내리고 바람 불더니 하루만에 화창해졌더라구요 종잡을 수 없는 날씨에 정신을 못차리는 중이에요"
sadness,"운이 좋아, 이주윤 작가님 그림책나눔을 받게 되었네요. 아이들 그림책이지만, 어른인 제가 더 큰 인사이트를 얻어갑니다. 초4딸도 그림 너무 귀엽다고 어제 품속에 꼬옥 안고 잤다는 후기도 남겨요~나눔받고 후기 안 남겨도 된다고 하셨지만, 책이 넘 귀여워서 안 남길수가 없었네요ㅋ 많은 독자들이 읽을수있게 도서관 희망도서도 잊지않고 신청할게요"
sadness,싸운 뒤 눈떠보니 선물 원래 설아 돌 사진찍으면서 주려했던 선물인데 뜻밖에 땡겨받음 미안한마음 표현을 잘 못하는 남편 표현이 서툰걸아는데도 나 힘들때는 그게 생각이 안들때가 많다 홀로 두아이보면서 독박하다보니 몸은 아얘 가버리고 서글플때가많아서 자주 관계가힘들어질 때가 많다 언제 풀어지려나 이렇게 줄 선물이 아니었지만 큰 선물 고마워
sadness,머리는 잘랐는데.. 어째 머리 자르기 전이 더 이쁜것 같은 ㅠㅠ 매번 가던 미용실 담당 선생님이 바뀌어서 그런가 이번 머리는 대 실패 예요 ㅠㅠㅠㅠㅠ 바가지 머리인데... 점점 다듬는게 길어지더니 너무 작은 바가지가 되었어요.. 옆짱구 서우인데.. 너무 옆짱구가 부각되기도 하고 ㅠㅠ 보고 있는 너무 맹구 느낌이.. ㅠㅠ 얼른 머리 기르쟈
sadness,지난주에 이어 오늘도 어쩌다 호치민 오늘은 광어도다리쥐치로 1키로 . 주섬주섬하길래 뭐하나 했더니 갑오징어를 물넣고 담아준다 집에가서 애들이랑 놀다 죽음 삶아드셔요 하면서. 그녀들의 서비스의 끝은 어디인가 그래서 담주도 또가보려고한다 당골챙기는 횟집중 최고최고인듯 . 드라이브갔다 함 들려들보세요 당골되면 본품보다 서비스가 기막힌곳 .
sadness,"우리가 그때 만나지 않았다면 아픔이 없었을까. 서로 아픔이 크게 다가와 그게 원망이 되었을까 행복만 했던 우리에게 한 걸음씩 다가온 아픔은 우리의 삶을 이렇게까지 바꿔놓았을까 . 너와의 만남이 행복에 시작이었다면 우리의 헤어짐 끝엔 무엇이 기다릴까 . 아픔일까 , 절망일까. 너와 이별하니 알겠더라 , 헤어짐 끝엔 죽음이 기다린 다는 것을 ."
sadness,유모차 썬캐노피 지퍼열면 한단더내려오는건데 지금껏 남편이랑 둘이 햇빛가려주느라바빳다 바보들아닌가 ㅋㅋㅋㅋㅋㅋ 요즘 낮에 잠도 거의안자고 계속 놀아달라고 엄마찾는 봄이덕에 낮에 아무것도 못해요 ?? 잠깐 자는타임에는 할일이 태산이라 내시간이 1도없는 ... 이제 어떻게 놀아줘야되는거죠ㅋㅋ 놀아주기 스킬이 없는 엄마는 웁니다 또르르
sadness,태풍 태풍이 온 날 뒤틀리는 창소리에 깨어 차게 적신 베갯잇을 보았어 지난날 묵혀둔 설움을 넘겨내듯 찬 물을 들이켜고는 누가 남긴 선인지 되짚는 상처 두어개쯤은 뱉어내면 그만 일 텐데 배려 없는 다정이라면 어찌해야 할까 태풍이 왔으면 했어 차라리 전부 날아가버렸으면 하는 창백한 향이 차갑고 저릿한 말들이 매몰차서 그래서 울어버렸어
sadness,나이들수록 드는 돈 중 하나가... 눈때문인듯... 잘 안보이는것.... 의사쌤한테... 혹시 라식이나 라섹을 할순 없을까요?? 음.... 노안이 온겁니다.... 왓...더.... 슬프다.... 애덜말로 개슬퍼..... 노안이다.... 이제 얼굴도 노안... 눈알마저 노안....
sadness,"인사이드 아웃의 슬픈 감정이 떠오른다. 영화의 중후반부까지 슬픈 감정은 행복한 인생에 아무 도움이 안 되고 없어지는 게 나을 것만 같다. 기쁜 감정만이 행복한 인생을 만들 것만 같다. 그러나 슬픔은 타인과의 공감을 형성하고 인연을 맺는다. 정해진 인연은 없다. 다만, 소중한 인연을 만들어갈 뿐."
sadness,참 따뜻한 말. 내 마음을 울려. 그 한마디에 담긴 사랑 한 스푼. 그 하나에 나 살아갑니다. 당신의 그 한마디에 나 오늘도 살아갑니다. 내일 어떤 하루가 펼쳐지더라도 당신만 있다면 괜찮아요. 나 이겨낼 테니까. 그러다 힘들면 잠깐 당신의 품 속에서 쉴 테니까
sadness,"오늘은.......'괜찮다. 괜찮다. 괜찮다. 괜찮다. 괜찮다. 괜찮다' 수백번 수천번 수만번 주문을 걸어보는.... 그런데 오늘은 이 주문이 안먹히네?? 다음생에는 누구의 딸, 누구의 엄마로만 살아보고 싶다 또한 멋진 여성으로~~ 오늘 밤은 유독 불끄고 눈감는게 힘들구나.... 그래도 이 시간 버텨보렵니다"
sadness,진실을 응시하기란 쉽지 않지 일상을 무너뜨리지 않기 위함 통제할 수 있을 만큼의 욕심은 죄가 아니래 그냥 노력인 거야 짐짓 의뭉스러운 얼굴을 하고 모두 암묵적 동의 위를 춤추지 애쓰고 있었던 거야 사실은 진심이 있어도 행위는 거짓 불신은 거짓만을 겨냥하니 무의식이 과연 죄를 벗어날 수 있을까
sadness,"쓰디쓴 술을 너와 나 중간에 두고 대화로 지새우는 밤. 술기운이 강하게 나의 이성을 끊으려할 때, 지금이다싶어 화학약품같은 술을, 내 몸에서 끓어오르는 경고를 무시한채, 식도를 타고 흐르도록한다. 술을 먹으면 사람이 참 쉽고 단순해진다. 내 성격으로는 절대 될 수 없는 사람이 되어버린다. 난 그 낯선이를 즐기기로 했다."
sadness,"네가 모르는 나의 아픔을 함부로 이야기하지 말아줘 너의 아픔을 귀로만 들은 나는 과연 눈으로 봤어도 아픔의 크기를 정해서 말했을까 아니, 같은 아픔이라도 사람마다 느끼는 감정의 크기는 극과 극이듯 나는 남의 아픔을 마음대로 판단하지 않아 흔히 이렇게 말하곤 하더라고 ""정말 아파본 사람은 남의 아픔을 알려고 하지 않는다"""
sadness,어쩌면 나는 사는 것에 있어 중요한 것을 버렸다고 볼 수 있다 현재 가장 불행하지는 않아도 현재 가장 행복하지는 않아도 나는 사는 것에 있어 가장 중요한 것을 아무런 거리낌 없이 버렸다 사랑 추억 기억 회상 모든 것을 다 그렇게 나의 이야기는 다시 쓰여진다 그렇게 나의 이야기는 다시 시작이다 -이별과 사랑 사이 어딘가
sadness,D-3....예정일 삼일 앞두고.. 튼살이 생겨버렸다....:( 나름 초기 부터 관리해 여태 잘 버텼는데.. 아가가 밑으로 내려오며 감당하지 못하는 내 몸둥이가 튼살을 양쪽에 쩍쩍 갈라놨다.... 힝....?? 따갑다아 흐어어어어엉 ?? 우리아들 건강히만 나와라 나오기만해봐랏 볼따구 퐁퐁 만번 할꺼야야
sadness,오늘 제주도민 생활끝! 다양한사람들과 어울려보았고 내성적이고 어색함이 많은 내성격 받아준 사람들 너무고마웠어요 육지 올라갑니다ㅎㅎ 막상 가려니까 많이 슬프고 조금 우울한기분?? 1년동안 좋은 사람들과 늘언제나 나와 함께해주던 스탭들이 주마등처럼 떠오르네 항상 연락하며 지내봅시다 우리스탭들 ㅎㅎ 오늘 분당 갑니다~
sadness,한 사람이 엎드려서 울고 있다. . 눈물이 땅속으로 스며드는 것을 막으려고 흐르는 눈물을 두손으로 받고 있다. . 문득 뒤돌아보는 자의 얼굴이 하얗게 굳어갈 때 바닥 모를 슬픔이 눈부셔서 온몸이 허물어질 때 . 어떤 눈물은 너무 무거워서 엎드려 울 수밖에 없다
sadness,"웃고 있는 사람들에게. 당신은 어떤 아픔을 가졌길래, 그 슬픔을 숨기려 환히 웃나요. 힘들지 않은 사람 없듯, 슬프지 않은 사람 없고. - 웃고 있는 사람 중 정말 행복한지, 한번만, 딱 한번만 손 내밀어 주세요. - 언제든 눈을 뜨면 앞에 서 있을게. 혼자인 것 같았지만 언제나 함께였어. 정말 넌 혼자가 아니야."
sadness,너와 함께 있고 싶었어... 그저 너와 함께 있고 싶다는 그 생각 하나로 난 너의 부름에 다른 생각하지 않고 달려가 너의 품에 안겨 있는 이순간이 꿈같아 꿈에서 깨지 않으려 애를써 지금 이순간이 끝나지 않길 바라며 깨지 않으려 떠졌던 눈을 다시 감아 꿈에서 깨어나 돌아가는 길 나는 네가 그립다…
sadness,머리 많이 길렀다..단발이 좋은데 긴머리를 고집하니.......1년반 치곤 한번 자른거 치곤 빨리 자랐네... 일주일간 세상 다른 행복을 느끼다 아픔이 있었지만... 곧 다시 찾아올테니 슬픔도 잠시 ... 행복한 생각만 하며 기다릴께.... 다시 꼭..꼬~~~옥 만나쟈. . . . . .
sadness,이대로 누워 있다고 변하는 것은 없었습니다 이렇게 괴로워서 땅에다 주먹질을 해도 이렇게 슬퍼서 처절한 울음소리를 내도 변하던 것은 오직 그들의 시선 뿐 그래서 나는 숨기기로 했습니다 나의 모든 병들을 가려야만 했습니다 이젠 지쳐서 누구한테나 말하고 싶어해서 걱정입니다 나에 대한 그 시선이 내게 돌아올까봐 무서워요
sadness,부럽다. 나도 내 옆에 누군가 있었으면. 끝없는 침묵은 오랜시간 나와 함께 했지만 도무지 친해지지 않아. 도리어 서로를 어떻게 하면 죽일까 궁리하게 돼. 오죽하면 소란스러운 것이 싫은 내가 시끌벅적한 것이 그리울까? 아. 아닌가. 원래 활기를 좋아하지만 나에게서 먼 것이라 조용함이 좋다고 세뇌를 해왔던 것일까.
sadness,병에 걸린 게 분명하다. 괜찮지 않은데 괜찮은 척을 너무 잘한다. 괜찮지 않다고 말하면 되는데 괜찮다며 웃어 보인다. 깔깔 웃고 활짝 미소를 지으며 되려 안부를 묻고 위로를 전한다. 온 세포가 다 타버린 연탄 같다. 곧 부서질 것 같은 상태로 괜찮다 연신 말하며 웃는다. 사실은 아니라고 말하면 되는데.
sadness,인생은 아주 많은 슬픔과 작은 기쁨으로 구성되었으니 인생이라 다만 슬픔을 끌어앉고 기쁨을 갈망하며 살아가는 것이겠다. 슬픔이 삶이 되더라도 무너지지 않고 슬픔의 방문을 반겨 맞이하며 함께 뒤엉켜 살아가는 것 그리고 언젠가 어딘가 다가올 행복의 이름을 기꺼이 맞아 온 마음 가득 품어내는 것 삶이라 하겠다.
sadness,"""용서는 구하고 받는 게 아니다."" 용서를 구한다는 것은 용기만 있으면 언제든지 할 수 있다. 하지만, 용서를 한다는 것은 용기만으로 할수 있는게 아니다. 왜냐면 시간을 되 돌릴 수 없기에 애당초 용서는 할 수 없는 것이다. 단지, 서로의 마음을 조금이라도 가볍게 만들려고 노력하는 것일뿐..."
sadness,"언니랑 진짜 오랜만에 포식하러 왔다. 근데 둘 다 너무 슬펐음... 맛난게 이리도 널렸는데...... 둘 다 배가 너무 줄어서 진짜 언니는 나라잃은 표정으로. 나는 이제 맛난걸 조금씩 먹는거에 의의를 두는걸로 살기로... 저녁이랑 가짓수가 차이가 있긴한데, 점심도 투마치. 그래도 잘 먹었습니다"
sadness,"너를 사랑해서 했던 일이었어. 최선을 다해서 너를 기쁘게 해주려고 노력했어. 오직 너를 위해서 했던 것인데 너만을 위해 이룬 결실을, 너가 질투할 줄은 몰랐어. 너를 위해 만든 것이 우리의 사이를 더 멀게 할 줄은 몰랐어. 이제 너가 없는 나에게 남은 것은 이 속이 텅빈 화려한 보석함 밖에 없어."
sadness,나는 사랑했기에 후회하는 감정이 있기에 그댈 못 잊었다 나는 그대를 사랑한 것을 인정하지 못했다 하지만 이젠 그 짓도 지쳤는지 이젠 인정하고 싶다 비록 이뤄질 수 없는 사랑이나 난 그대를 사랑한다 그대가 날 싫어해도 내 마음은 이미 그대에게 줘 버려서 그대를 사랑합니다 이 목숨이 다하기 전까지
sadness,피지낭종 대학병원에가면 나을수 있겠죠?ㅠ 신랑회사에아들이확진자라서 그아버지분이신랑하고 밥도먹고했다는데 오늘검사하니확진자로나왔다네영..신랑이 집에 못들어갈수도있다고하는데ㅠㅠ낼검사받으러간다네영 아들과나는 오늘 학교도 못가구ㅜㅜ걱정이네영..ㅜㅜ 휴...울신랑만큼은 확진자안되길바래영ㅜㅡㅜ
sadness,이제 많은 학교가 시험이 끝났을 것같은데 여러분들은 여러분들이 원하는 점수를 받았을까요? 사실 저는 많이 아쉽고 더 열심히 해볼걸이라는 후회를 많이 한 것같아요 이런 후회들이 나쁜 건 아니지만 저희에겐 더 많은 기회가 있으니 힘내셨으면 좋겠어요! 모두 수고 많으셨습니다
sadness,"그런데, 지금 생각해보면 감정이 있기 때문에 슬퍼하고, 아파하지만, 감정이 있기 때문에 기뻐하고, 행복해할 수 있는 것이 아닐까 싶어요. - <감정> 감정이 없었으면, 감정을 못느꼈으면 했던 때가 있었다. 감정을 느끼기 때문에 눈물이 자꾸만 흐르고 마음이 아픈 것만 같아서."
sadness,"내 곁에만 아무도 없어. 다들 슬픔 가운데 있어도 누군가 곁에 있는데 나는 오롯이 이 깊은 밤의 어둠만 바라보고 있네. 조이는 마음을 더듬으며 끄적거리는 것도 나 혼자, 나로부터 떠나고 싶어하는 감정들은 길을 잃고 이 속에서 여기저기 부딪쳐서 뻐근하게 아파온다. 외로움은 꽤 아파."
sadness,그래 난 누군가에겐 봄 누군가에게는 겨울 누군가에겐 끝 누군가에게는 처음 난 누군가에겐 행복 누군가에겐 넋 누군가에겐 자장가이자 때때로는 소음 함께 할게 그대의 탄생과 끝 어디든 함께 임을 기억하기를 언제나 당신의 삶을 위로할 테니 부디 내게 가끔 기대어 쉬어가기를.
sadness,"아득한 시간이 흘러 서로의 이름은 잊게 되더라도 함께했던 그 순간의 느낌은 절대 잊지 마. 누군가와 함께한 시간이 있었다는 건 두 사람이 그저 우연히 그곳에 있었다는 게 아니라, 서로를 바라는 마음으로 인해 서로 다른 두 개의 시간이 교차하게 된 것이라는걸"
sadness,"언제쯤 전처럼 웃으면서, 아무걱정없이 지낼 수 있을까 하루에도 수백번 생각해본다. 나는 부족한 사람이니까, 나는 불행만 한 사람이니까, 정말 힘든 하루하루다. - ""나 힘들다하면 정말 나아질까. 그럼 누가힘들까 아프다 징징대면 모두다 괜찮아지는데"""
sadness,"고수 동굴 6살 안예솔 어린이 안아달라고 안하고 끝까지 걸어갔다 걸어서 나옴ㅎㅎㅎ 다른 아빠들 다 안고 땀뻘뻘흘리며 나온다는데..효녀효녀?? . 종유석,석순,석주..석회암동굴.. 지구과학때 배우던것들 같은데~ ㅋㅋ . 안시온 어린이 머릿속에 기억에 남는게 있을까..ㅎㅎ"
sadness,보살님들마다 제손에 신기가 있다네요 운명이 이끌어준 직업 천직으로 여기며 열심히 노력합니다 나안의 긍정 자구자복 천조자조자 재주없는 남동생에게는 전재산을 모두 물려주고 딸에게는 예술적재능과 손재주만을 물려주신고가신 선견지명 있으신 울 엄마에게 감사합니다
sadness,관리를 꾸준히했던 저도 이렇게 한순간에 다치고 말았습니다. 하루의 시작과 끝이 운동이여서 행복했지만 이제는 시작과 끝이 침대와 지내게 되었습니다. 재활을 시작으로 예전의 모습보다 더 노력하겠습니다. 항상 몸 조심하세요
sadness,"“사랑해” 라고 하지 않을때 너무 어색한 사람 서로 좋아하고 두근거리며 어색해도 좋고 맨날 하던 것들도 사랑하는 사람과 함께 하면 더욱 더 좋고 맛있는 거 생기면 같이 먹고싶고 기쁜일, 슬픈일, 서로 공유하며 보듬어줄 수 있고 같이 있는 것만으로도 위안이 되는 그런 사랑"
sadness,5월임에도 입김이 나는 차가운 밤 세상은 잠을 자듯이 적적함만 남았고 몇 안되는 별들이 텅 빈 공간을 꾸며준다 이렇게 고요한 세상에서 바람은 얌전하고 이런 어두운 세상에서 도시는 불을 끈다 이제 자야할 시간 이렇게 평화로운 밤은 정말 오랜만이다 모두 좋은 꿈을 꾸기를
sadness,누군가에겐 좋은사람일까...? 나는 좋은사람일까...?항상 의문이 든다..그게 의문인지 아님 확신인지 모르지만 나는 항상 의문이다... 그 의문점은 좋은 결과를 아님 나쁜결과를.. 무엇이든 언제가 되었든 답이내려질터이니... 나는 항상 의문이다..
sadness,"나폴레를 통해 우연히 알게 된 노래를 듣다가 문득 든 생각, 얼마나 많은 것들을 나는 쉽게 스쳐가고, 쉽게 지나쳤을까? 그리고 노래뿐만이 아니라 얼마나 많은 사람들을 쉽게 지나쳤을까?"
sadness,진정성 종점. 진정성 있게 살아가자. 비록 상대방은 계산적으로 날 대해도... 나는 단 한번도 계산적으로 살지 않았으니까... 토닥토닥...나 스스로 어깨를 두드려도 된다구... 그렇게 살아가면 되는거야... 이와중이 키 185에 49키로 같이 나옴...캬
sadness,감정은 있는 그대로 온전히 느끼고 어떻게 표현할지 배우는 것이 중요합니다. 감정이 다채롭다는 것은 채널이 다양한 티비와 비슷한 건 같습니다. 보기 싫은 감정의 채널이 나온다고 돌려버리기 보다 어떤 내용인지 자세히 들여다보고 이해하는 훈련을 해보면 어떨까요!
sadness,당신께 받은 영원한 사랑에 대한 편지를 다시 읽었습니다. 그 안의 바다는 반짝였고 두 손은 너무 따뜻했습니다. 하지만 지금 나의 바다는 너무나도 고요하고 손은 어디두어야 할지를 몰라 감출 수 밖에 없습니다. 이제 그 아무도 사랑하지 못할 것 같습니다.
sadness,오늘 우리언니가 일하다말고 동료들이랑 내사진 가지고 했는데 맞춰보지 않겠냐멍 힌트: 코딱지만하게 제일 못그린게 언니다개 미안하다 널사랑하는 마음과 그림실력은 일하다 빡쳐서 하려고 곁에 오는사람마다 그려야 한다고 시작했다가 만 얻은느낌
sadness,후회 가득 후회가된다 이미 버스는 떠났고 지나갔으니 후회해도 소용이 없다 이미 떠났으니까 옆에 있을때 잘해야한다는 말 정말하나도 안틀리고 그말이 맞는거 같아 그 사람이 내옆에 있을때 진작 잘해줄걸 이렇게 또 후회를 한다 후회할거면서 왜 떠나보냈을까
sadness,이태원 10년차 정많고 좋으셨던 누나였는데 5월10일. 결국 문을닫는다고 하네요..남일같지 않았던터라.열심히 찾아뵈었습니다. 그간 정말수고많으셨어요.기억할게요. 생에.최고의 스키야끼맛을 보여주셔서 감사합니다.좋은길만 있으실거예요
sadness,"어제는 날이 좋아으니까 보고 싶고, 오늘은 비가와서 보고 싶고, 도무지 단 하루라도 보고 싶지 않은 날이 없네요. 오늘같은 날과 어울리는 깔끔한 유리 추모함이에요. 자세한 내용은 프로필 하단 링크를 누르시면 도토리에피 스토어에서 확인하실 수 있어요."
sadness,자유 바람길 따라서 세상을 떠돌고 소중한 것 하나 붙잡아보지 못한 채 여전히 바람길을 따라간다 이런 자유가 무엇이 기쁜가 길에서 피는 자그만한 꽃만도 못한 이런 바람같은 자유가 무엇인가 누군가 날 붙잡아 줬으면 이젠 날 더이상 자유롭게 하지 않았으면
sadness,"송강 때문에 봤다가,박인환 선생님한테 빠져 입덕한다는 말 맞네. 사실이었네..그렇네,워너비 심덕출 할아버지.. 오랜만에 인생드라마 추가요!!! 또 한번, 삶을 배웠습니다. 인생교훈,매회명언 소장각. 진짜 모두가 봤으면 좋겠다"
sadness,동공 속에서 알 수없는 액체가 흐른다. 나는 울었다. 이런 흔해빠진 그림 누구나 그리지만 나에게는 지금 필요한 그림이다. 값싼 동정 필요없다고 말하지만 누구보다 원한다. 그래서 나는 스스로에게 그 값싼동정 보다 스스로주는게 낫다고 달래주고 있다.
sadness,화난거 맞다요 죙일 날씨 안 좋아서 집구석에 있게 만들다가 애들 집에 올즈음엔 이렇게 말갛게 맑아져요 그리곤 놀이터에 끌려간다지요 오늘은 그나마 흐려서 봐줬엇. 곧바로 컴백홈 흔치않은날 햄버거로 꼬신날 아 피곤
sadness,"오소영의 ""살아 있었다"" 라는 노래는 스스로 목숨을 끊은 지인의 집에 찾아가는 내용의 노래예요. 그가 살아있었음을 알리는 노래라고 간단히 설명할게요. 이 노래를 듣고 있자니 얼마전 글에 사용했던 소재를 이렇게도 사용해보고 싶었어요"
sadness,"슬프긴 하겠다, 한번도 아프다는 걸 느끼려 하지 않았다면."
sadness,"근황 .. ㅎㅎ 태어나 처음 손대는 유화 아직 미완성된 2점을 그려봤지만 너무 재밌다 고통과 재미의 연속 과제로 머리아프지만 그 덕에 기말까지 작업량 강제 늘리기 성공예정 ! ! +사진속 유화는 한개는 창작 , 한개는 모작!!!"
sadness,"남자친구 기다리듯 설렘 가득안고 기다리는 중. 일년만의 만남이라 기대감 가득 안고 기다리고 있었는데, 갑자기 일이 생겨 못오게 되심 하루를 어떻게 알차게 보낼지 어제부터 고민했는데 ... 서운한 이 마음을 설명할 단어가 떠오르질 않네"
sadness,"구름이 살해당해 화가 난 하늘이 절규라도 하는 듯 거센 비가 내리던 날, 무릎에 멍이 들 때까지 명치를 부여잡고 울부짖으며 하늘에 절규했다. 목에서 피가 나오고 눈이 선홍빛으로 충혈될 때쯤에 깨달았다. 이 세상에 내 편은 아무도 없다고."
sadness,"형님 가신지 한달 구름도 그대로 흘러가고 바람도 그대로 부는데 마음은 정처없고 꿈결같이 들리는 고운 목소리 크게 목놓아 울어보지 못하고 서둘러 보내는 14개월 찐한 기억들은, 마치 이러지도 저러지도 못 해 본 간절기"
sadness,할머니와 같이 보낸 시간들 .. 미안함.후회.그리움 아직도 믿어지지 않는 현실.. 누군가를 영영 떠나보내야한다는 사실이 너무 무섭고 두렵다.. 보고싶어요..할머니.. 많이 못 가서 미안하고 또 미안해요…
sadness,"너로 인해 나의 낮은 기쁨과 희망이 가득 차 있던 낮 다시 금 밤이 찾아오면 너로 인해 나의 밤은 하루의 마무리를 당신과 함께 마무리 할 수 있던 밤 이제는 그런 나의 낮,밤이 없어져 하루 종일 우울과 상실의 하루를 보내는 낮,밤"
sadness,아니야~~~ 언니가 더 고마웠어 그웃음 잊지말고 우리 기회가 된다면 또만나자 언니잊지마?????? 오늘이 마지막이라는게 믿겨지지 않아.......... 넌 먼저 가지만 언니도 곧 건강하게 퇴원할테닷!!!
sadness,이 번호를 쓰는 사람이 생겼구나.. 듣지도 보지도 못할 허공속의 너에게 매일 문자를 보냈었는데.. 이젠 보낼수도 없겠다.. 항상 연락안받는다 카톡안본다 잔소리하던 니가 오늘따라 더 보고 싶어진다 아쉽고 씁쓸하네 ..
sadness,어떤 상처는 영원히 사라지지 않지. 하지만 난 조금씩 내 삶을 사랑하는 법을 배웠어. 그래도 난 가끔 맹렬히 달아나야만 했지- 특히 우울로부터- 막을 수 없게. 어떤 사람이 오래 아파하는데는 그만한 이유가 있다.
sadness,"그냥 오늘의 눈바디 . . 이번에는 바디수트를 입어볼 예정이므로 어깨에 좀 더 집중 해보기 . . 하찮은 애기근육 이지만, . 조금씩 변화가 보일때면 참 신기하다 . . 오늘도 고생했어, 구봉엄마"
sadness,...상실감 우울감 뭐라 표현하기 힘들다 널 이렇게 갑작스레 보낼줄 몰랐어.. 조금더 함께할 시간이 있을줄 알았어..그동안 더 잘해주지못해서 미안해.. 그래도 우리곁에 와줘서 함께해줘서 고마웠어 언제까지고 안잊을게 사랑해..
sadness,슬픔 슬픔에도 맛이 있다 눈없고 코없는 슬픔은 어찌나 잘익었는지 주름골 따라 눈물로 얼룩 져 푹 익어가고 있다 슬픔 한 주먹 주머니 속에 숨겨두고 웃는 얼굴로 행복을 맞이하려다 들썩이는 어깨에 걸려서 허우적거리는 슬픈 몸.
sadness,"문득 의문이 생겼다. 왜 난 죽겠다고 말만 하고 지금껏 어쨌든간에 살아있는걸까. 왜 난 살아있는것도 제대로 못하면서 죽음또한 미뤄두는걸까. 세상을 이겨낼 힘도, 세상을 포기할 힘도 없는 그저 그런 무력한 날들. . . ."
sadness,해원이가 생일 선물로 보내준 베스킨라벤스 리얼27큐브를 잘게 다져서 레디팩으로 변경 먹어보고 싶은 맛이 많았는데 우선 내가 좋아하는 맛으로 구입 로투스가 없다나 아쉽…다… 치과에서 부드러운거 먹으라고 했으니깐…
sadness,"요즘 밤이 되면 초대 하지 않은 우울이라는 친구가 찾아온다. 속이 답답하다. 답답한 미래 생각에, 재미없는 현실에 이런 생각이 찾아올때 억지로라도 웃어보려고 한다. 여러분들은 우울 친구가 찾아올때 어떻게 하시나요?"
sadness,충전기는 수명을 다했고 ㅋㅋㅋㅋ 사월이는 미안했고 그냥 아이패드이제못해서 슬프고 ㅋㅋㅋㅋㅋ 엄마 충전기새로사는게어때 ? 그래서 오늘 사월이 젤리사느라 돈다써서 이제돈이 하나도없어 그랬더니 더서러워하는애...ㅋㅋㅋㅋ
sadness,바닷가 파도 처럼 바위에 부딪치고 삶이란 그런 한걸...... 파도가 슬픔을 노래하는 구나 힘든 시간 지나가면 ..... 파도는 다시 물 밑으로 사라지고 아름 다운 태양을 받으면서 바닷가 푸른 물이 더욱 빛나는 걸
sadness,귀욤뽀짝? 뚱이 얼른 이름이 나오길 비록 소양증때매 약먹느냐 직수는못하지만ㅠㅠ 빨리 5일 지나고.... 다시 직수하자ㅠㅠ 엄마가 미안해 몸이 이래서ㅠㅠ 둘찌낳고 개고생중 출산후 이렇게 고통스러울 수가..
sadness,운명 내 운명의 애꿎은 심술궂음이 내 몸뚱아리를 노리개로 삼더라도 난 착각과 망상으로 버텨내련다. 내 운명이 내동댕이쳐진 내 현실의 잔혹한 황무지에는 난 긴 한숨짖고 시와 문학으로 어여쁘게 분장질을 하련다.
sadness,사용은 첨인데 괜찮으네~ 포인트도 쌓이고 그걸로 물품구매도 된다는데 자세히 모르겠고~~ 일단~~~같이 다닌 곳과 키로수를 기록할 수 있어 좋다. 건이랑 나랑의 데이트 흔적을 남기는것 같아 그냥 마냥 좋으다.
sadness,아무 생각도 나지 않아 아무 감정도 느껴지지않아 아무도 날 찾지않아 아무도 날 원하지않아 힘들어 아니 외로워 아니 힘들어 나만의 무인도 아니 그냥 무 아무도 찾지않는 아무것도 없는 이젠 세상과 단절된 존재
sadness,통증증후군ㅠ 만성통증 ㅠ 구안와사도 있다없다 계속 반복 ㅠ 손도 얼굴도 다 오른쪽 ㅠ 5개월째네.. 평생 갈지도 모른다구 ㅠㅠ 왼손으로 밥먹구..다 왼손으로 하고 있는데 잘 안됨ㅠ 슬프다ㅠㅠ 해야한다네ㅠ
sadness,잠이 안오는 새벽... 사진첩 보다가... 스티커도 붙여봤네ㅋㅋㅋㅋ . . . . 그나저나 휴...오늘 잠은 다잤네...젠장... 다이어트도 해야겠고...ㅠ 슬프고.기쁘고.힘들고.행복하고. 짬뽕이로구나~
sadness,입원후 MRI 검사 모두 건강하세요ㅠㅠ 이 이나이에 뇌혈관경화가 보인다니.. 내일 검사를 좀 더 진행해보자 하는데욥 나머지 검사 잘 받고 이상없이 퇴원할게요
sadness,그날 밤 별이 많이 피어 하늘을 가득 채운 날 세상은 잠을 자고 바람도 멈춰서 모든 것이 멈춘 듯한 밤 별들의 노랫소리가 내 귀를 채우니 그만큼 아름다운 세상 없다 그날 밤 내게 다시 돌아올 수 없는가
sadness,내 멋대로 살 수 없는게 인생이야. 내가 좋아하는 사람과 이루어지지 않는게 인생이야. 하지만 기다리다 보면 인생이 너를 위해 살아가주겠지. 그래서 내가 포기를 못하는 이유 중 하나의 포함이 돼
sadness,공모전에 떨어졌습니다 나름 자신 있게 지원한 공모전인데 1차에 떨어지니 자신감이 바닥을 치네요 주변에선 다 괜찮다고 하는데 솔직히 하나도 안 괜찮습니다 그냥 내가 할 수 있는 게 하나도 없는 것 같아요
sadness,강에 있는 달을 잡으려 손을 뻗었을땐 이미 사라져있었다 흩어져가는 달. 하늘에 있는 달을 잡으려 손을 뻗었을땐 손에 닿지 않았다 멀리 있는 달. 오늘도 모든것이 나를 떠나간다 항상 바로보던 달 조차도.
sadness,연습장 락커룸 창문에서 오이구~ 편안해 보여요 길냥이님 도촬도촬 집사를 구하고 함께 할수 있으면 좋을듯 하면서 저 사진을 보며 들을만한 노래 추천 합니다.
sadness,7-8년간 체중 변화가 없었는데 코로나는 나에게 큰 변화를 주었다. 작년의 이 얼굴에서 +5kg 증가 빵빵한 얼굴에 옷이 다 작아짐. 다이어트 어떻게 하는건지 알려주세요ㅜㅜ 엄마~이런 턱 없었잖아ㅜㅜ
sadness,26살 거북이가 아파서 내원했다 보호자분께서 10살때 처음 키우기 시작했는데 결혼하시면서 떨어져 살게 되었다고 한다 거북이 얼굴 보는 순간 괜히 혼자 먹먹한 기분이 들었다 꼭 다시 건강해지기를…
sadness,"카카오런때부터 쿠키런 깔고 오븐브레이크까지 해서 최애 말차맛쿠키까지 생겼는데... 현재 탐정런 이후 안들어가고 있는데 말차맛 상향이나 스토리, 스킨 하나라도 나오기 전까진 손 안대기로 했습니다 ㅠ"
sadness,1년7개월전과 오늘...자세는더 이상해짐..ㅠㅠ 왜그러지?완전 처음일때가 자새가않무너지고 지금은 스타트부터가 무너지고.....힝 살은저때보다 3키로더찌고.. 무거워져서그런가 ㅋ 특훈하기 볼링아줌마
sadness,떠나요~ 넷이서~!! 비바람~ 몰고다니며~~~ 역시 우리가족이 떠나는 캠핑길엔 비님이 마중나와 주셔야지!!! 하..그리 날씨가 좋다가.. 우리가 캠핑갈때만..이러기 있기냐?ㅠㅠ
sadness,주말이 혼자 너무 외로워서 힘든 마음에 외로운 마음에 힘없이 누웠다 엄마가 아프면서 일 하는게 너무 슬퍼서 힘없이 누웠다 그렇게 깜빡 잠이 들었다가 일어났다 그런 주말 그런 시간 혼자서
sadness,최고의 오늘이 아니어도 괜찮아요. 언젠가 문득 오늘을 떠올릴 때.. 그저 영롱하게 빛나던 하루로 그려지도록 그대의 모든 아픔과 슬픔을 가져가보려 합니다. 4월의 마지막 날에..
sadness,길가에 핀 이쁜꽃~~ 나이가 들었나보당..ㅡ갈수록 길가의 꽃들이 이쁜것이..ㅡ친구들이 그런당..꽃이 이쁘게 보인다는건.. 흐~나이가 들은거라고..나도 이제 적지 않은 나이 흐흐..슬프당..
sadness,숙소 들어갈때도 주차장입구 R이 보통아녔는데. 계속 신경쓰였고만. 출차때 타이어 긁힘..ㅡㅡ 바로 내려 나확인했네. 내 휠은 안긁히고ㅠ.ㅠ타이어만. _사진보니 맴찢이고만... 왜촉촉해지노
sadness,"그냥 네게 안길래 그냥.. 그냥 아무말 하지 않고 그냥 나를 꽈악 안아줘.. 내 발끝까지 꽈악 안아줘 내가 불안한 마음이 들지 않게, 우울하지 않게.. 곰돌이 같이 포근한 네게 안길래"
sadness,"“그럴수도 있겠다” 서로 다른 생각, 가치관, 상황 등 다르기 때문에 상대를 100% 이해하기란 힘들다. 100%이해를 바라지도 않지만 비난과 비판도 바라지 않는다. 이해가 위로될 때"
sadness,"오늘 2회차 -2차과목 중개사&공법만 먼저 모고를 봤는데... 와... 1회차모고보다..훅..떨어짐 ㅠ.ㅠ 나름 어제,오늘까지 7주차를 꽉채워서 푼건데ㅎㅎ (꼼수도 통하지 않네요) "
sadness,매일 저런 풍경 보며 살고 싶다 시티뷰말구 오션뷰!!!! 집에 오니 할일이 산더미 새벽 4시지만 낼 눈뜨자마자 할일 걱정에 잠안오고 걱정걱정ㅠㅠ 나다시돌아갈래~~~~~~
sadness,마음이 아프다 에어팟 프로를 6개월만에 잃어버렸다 그것도 통째로... ㅠㅠ 심지어 잃어버린것도 몰랐.. 뚜벅이에게 얼마나 중요한건데
sadness,보이지 않는 아픔 그 속에 숨어버린 너의 모습을 난 잘 알고 있어 가까이 다가 서면 멀어지려 하는 널 꼭 끌어안아 위로가 될게 끝없는 슬픔이 네 곁을 맴돌아도 넌 ‘나’이기도 하니까
sadness,늙어서가 아니라 정말 신비롭고 경이로운 자연의 신비?에 감탄했어요. 며느리가 눈물 흘리는 형상 같다며 지어진 며느리 눈물 주머니. 꽃말은 당신을 따르겠습니다. 애처롭고도 아름다운 꽃
sadness,"믿지는 않지만 정말 다음 생이 존재한다면 네가 좋아하는 향기로 태어나 곁에서 은은한 행복을 주고 싶다는 이런 유치한 생각을 하며 입꼬리가 올라가는 날 봤고, 이 만큼 널 사랑해."
sadness,저마다의 밭을 일구어 간다는 것은... 하루를 일구며 조금씩 자라나는 풍경속에서 나날이 살아 있음을.. 아니 재작년 부터 정성스레 일구어온 밭을 이제와서 개인경작 금지 라니요…
sadness,모든것이 다들어간 작품을 나도 만들어보고싶구만..표현하는것에 어려움을 느끼던 저때의 나에겐 값진 추억쓰  베땐들 속에서... 크..  뭘했건간에 같이 느끼고 배워서 좋았던듯
sadness,연아~각설이야 오늘 오랜만에 쓰러져서 꼬리뼈골절 이라는 타이틀을 얻었다..ㅇㅅㅇ 드레스 고르고 침대.TV 둘러봐야하는데 서방아 미안해..혼자 돌아보게 해서
sadness,“무슨일이든 언제나 기회는 있어 그 기회엔 너의 선택이 필요하지 그 선택에 따라 너희의 모습이 결정되는거야 그리고 이걸 보는 당신은 언제든지 올바른 길을 선택할 수 있을거야”
sadness,내리던중이였는데.. 인지 뭔지 모를정도로 했다.. 내가 한건 어떻게 알고 이런 글이 단숨에 보였던걸까.. SNS도 이젠 내 에 라고 해준다.. 힘낼게…
sadness,주말에는 참 화창했는데. 공기가 많이 차가워졌어요. 후면 카메라 세개 중 하나가 깨지는 바람에(흑흑) 세번째 사진처럼 빛번짐이 생기는데.. 수리하는데 돈 많이 들겠죠.
sadness,접시에.. 금이갔다.. 내...접시에.. 금.. 금.. 아........속상해 속상해 눈물나네 엄청 좋아하는..접시인데 매일 쓰는 접시인데 아. 눈물난다.. . . . .
sadness,"원하였지만 얻진 못하는 것- ""난 시를 원하였고 난 글을 원하였고 난 권태를 원하였습니다. 시련을 원하였고 절망과 고난을 원하는 동시에 아주 작은 행복을 원하였습니다."""
sadness,많이 힘들었죠? 괜찮아질꺼에요. 오늘 하루도 버텨내느라 고생했을 너에게 수고했다고 내일은 즐거운일 가득한 행복한 하루가 될거라고 응원할게요.. 오늘밤은 예쁜꿈꾸길 바래요.
sadness,"기대,놀람,기쁨,설레임,기다림 그러다 걱정,근심 그리고 슬픔 온갖 감정을 다 느낀 길고도 짧은 7주. 그래도 든든한 내편 내사람덕에 웃으며 이야기 할 수 있는 지금."
sadness,이제서야 그대를 그리워하네요 이제서야 이런 글로 당신을 부르는 날 미워하세요 이제서야 내 선택을 후회하고 당신이 보고싶어지네요 정말 미안해요 잘해준것도 없는 나라서
sadness,스노우 어플놀이 23살이면 좋을까? 34살이면 좋을까? 별게 다 있네 ㅋㅋ 신기해. 쨋든 20대도 30대도 아니란게 슬프긴 하지만 ㅋ 뭐 어쩌겠어 ㅋㅋㅋㅋ
sadness,촛불 오늘 하루가 힘겨웠더라도 오늘 하루가 슬펐더라도 오늘 하루가 기운없을지라도 꺼지지 않는 촛불처럼 꿋꿋이 견뎌 어두운 밤을 밝게 빛내는 빛이 될거야
sadness,아쉽지만 아님 맘 어제. 빡치는 맘 달래기는 스피커앞에서 음악듣는게 최고! 아주먼 옛날~~스피커앞에서 춤좀 췄던 나는 아직 내안에 있었구나! 오랫만이야 유니야??
sadness,거짓된 루머로 누군가를 나락에 빠뜨리는 사람들. 그 루머를 듣고 무조건 믿으면서 다짜고짜 욕하는 사람들. 요즘세상은 이런 사람들이 넘쳐나는 썩어빠진 세상이다.
sadness,일요일출근조차이제 힘드네 게다가 한시간이나 더 일하다니 산적처럼 그릇 감싸며 흡입하고 난 후 몰려온듯하다 소고기먹으러오라는전화는 10분 늦게왔지만 고맙습니다
sadness,감수성이 예민한건 남들이 사소한 것에도 웃고 행복해질 수 있는게 장점이라고 생각합니다  때론 너무 웃고 울다보니 감정기복 심해서 피곤한건 덤. 허허…
sadness,한통의 전화로 시작된 ........나의 오늘 종일 아무것도... 오늘을 기억하려 피드로 박제 그래도 다행인건 한가지 있잖아... 긍정적으로 마음 먹기!
